{
  "f_B": [
    0.011595068509337027,
    0.5831590453439759
  ],
  "f_S": [
    5,
    20
  ],
  "I_max": [
    0.2,
    0.6
  ]
}